month;month_mean
6;11.240980190844223
9;11.163943762320724
10;11.243521482329157
2;10.926466002678579
1;10.834783842972453
5;11.218334523700628
4;11.08701083281097
11;10.939109824172245
3;10.946436196374785
12;10.604161937131614
8;11.094082010757205
7;10.985364033491773