weekday;day_mean
1;11.08030191144073
0;11.316519450921993
4;11.22139005929782
6;10.812631154580547
3;11.35850229421017
5;9.963934488212162
2;11.22214793333977